run_id,symbol_set,signal_symbol,bull_symbol,defense_symbol,vix_ema_period,ema_period_calm,atr_stop_calm,ema_period_choppy,atr_stop_choppy,risk_bull,allocation_defense,macd_fast_period,macd_slow_period,macd_signal_period,atr_period,vix_symbol
001,QQQ_TQQQ_VIX,QQQ,TQQQ,QQQ,20,25,2.5,50,2.0,0.05,0.6,12,26,9,14,VIX
002,QQQ_TQQQ_VIX,QQQ,TQQQ,QQQ,20,25,2.5,50,2.0,0.06,0.6,12,26,9,14,VIX
003,QQQ_TQQQ_VIX,QQQ,TQQQ,QQQ,20,25,2.5,50,2.5,0.05,0.6,12,26,9,14,VIX
004,QQQ_TQQQ_VIX,QQQ,TQQQ,QQQ,20,25,2.5,50,2.5,0.06,0.6,12,26,9,14,VIX
005,QQQ_TQQQ_VIX,QQQ,TQQQ,QQQ,20,25,2.5,50,1.0,0.05,0.6,12,26,9,14,VIX
006,QQQ_TQQQ_VIX,QQQ,TQQQ,QQQ,20,25,2.5,50,1.0,0.06,0.6,12,26,9,14,VIX
007,QQQ_TQQQ_VIX,QQQ,TQQQ,QQQ,20,25,2.5,75,2.0,0.05,0.6,12,26,9,14,VIX
008,QQQ_TQQQ_VIX,QQQ,TQQQ,QQQ,20,25,2.5,75,2.0,0.06,0.6,12,26,9,14,VIX
009,QQQ_TQQQ_VIX,QQQ,TQQQ,QQQ,20,25,2.5,75,2.5,0.05,0.6,12,26,9,14,VIX
010,QQQ_TQQQ_VIX,QQQ,TQQQ,QQQ,20,25,2.5,75,2.5,0.06,0.6,12,26,9,14,VIX
011,QQQ_TQQQ_VIX,QQQ,TQQQ,QQQ,20,25,2.5,75,1.0,0.05,0.6,12,26,9,14,VIX
012,QQQ_TQQQ_VIX,QQQ,TQQQ,QQQ,20,25,2.5,75,1.0,0.06,0.6,12,26,9,14,VIX
013,QQQ_TQQQ_VIX,QQQ,TQQQ,QQQ,20,25,2.5,100,2.0,0.05,0.6,12,26,9,14,VIX
014,QQQ_TQQQ_VIX,QQQ,TQQQ,QQQ,20,25,2.5,100,2.0,0.06,0.6,12,26,9,14,VIX
015,QQQ_TQQQ_VIX,QQQ,TQQQ,QQQ,20,25,2.5,100,2.5,0.05,0.6,12,26,9,14,VIX
016,QQQ_TQQQ_VIX,QQQ,TQQQ,QQQ,20,25,2.5,100,2.5,0.06,0.6,12,26,9,14,VIX
017,QQQ_TQQQ_VIX,QQQ,TQQQ,QQQ,20,25,2.5,100,1.0,0.05,0.6,12,26,9,14,VIX
018,QQQ_TQQQ_VIX,QQQ,TQQQ,QQQ,20,25,2.5,100,1.0,0.06,0.6,12,26,9,14,VIX
019,QQQ_TQQQ_VIX,QQQ,TQQQ,QQQ,20,25,2.0,50,2.0,0.05,0.6,12,26,9,14,VIX
020,QQQ_TQQQ_VIX,QQQ,TQQQ,QQQ,20,25,2.0,50,2.0,0.06,0.6,12,26,9,14,VIX
021,QQQ_TQQQ_VIX,QQQ,TQQQ,QQQ,20,25,2.0,50,2.5,0.05,0.6,12,26,9,14,VIX
022,QQQ_TQQQ_VIX,QQQ,TQQQ,QQQ,20,25,2.0,50,2.5,0.06,0.6,12,26,9,14,VIX
023,QQQ_TQQQ_VIX,QQQ,TQQQ,QQQ,20,25,2.0,50,1.0,0.05,0.6,12,26,9,14,VIX
024,QQQ_TQQQ_VIX,QQQ,TQQQ,QQQ,20,25,2.0,50,1.0,0.06,0.6,12,26,9,14,VIX
025,QQQ_TQQQ_VIX,QQQ,TQQQ,QQQ,20,25,2.0,75,2.0,0.05,0.6,12,26,9,14,VIX
026,QQQ_TQQQ_VIX,QQQ,TQQQ,QQQ,20,25,2.0,75,2.0,0.06,0.6,12,26,9,14,VIX
027,QQQ_TQQQ_VIX,QQQ,TQQQ,QQQ,20,25,2.0,75,2.5,0.05,0.6,12,26,9,14,VIX
028,QQQ_TQQQ_VIX,QQQ,TQQQ,QQQ,20,25,2.0,75,2.5,0.06,0.6,12,26,9,14,VIX
029,QQQ_TQQQ_VIX,QQQ,TQQQ,QQQ,20,25,2.0,75,1.0,0.05,0.6,12,26,9,14,VIX
030,QQQ_TQQQ_VIX,QQQ,TQQQ,QQQ,20,25,2.0,75,1.0,0.06,0.6,12,26,9,14,VIX
031,QQQ_TQQQ_VIX,QQQ,TQQQ,QQQ,20,25,2.0,100,2.0,0.05,0.6,12,26,9,14,VIX
032,QQQ_TQQQ_VIX,QQQ,TQQQ,QQQ,20,25,2.0,100,2.0,0.06,0.6,12,26,9,14,VIX
033,QQQ_TQQQ_VIX,QQQ,TQQQ,QQQ,20,25,2.0,100,2.5,0.05,0.6,12,26,9,14,VIX
034,QQQ_TQQQ_VIX,QQQ,TQQQ,QQQ,20,25,2.0,100,2.5,0.06,0.6,12,26,9,14,VIX
035,QQQ_TQQQ_VIX,QQQ,TQQQ,QQQ,20,25,2.0,100,1.0,0.05,0.6,12,26,9,14,VIX
036,QQQ_TQQQ_VIX,QQQ,TQQQ,QQQ,20,25,2.0,100,1.0,0.06,0.6,12,26,9,14,VIX
037,QQQ_TQQQ_VIX,QQQ,TQQQ,QQQ,20,25,1.0,50,2.0,0.05,0.6,12,26,9,14,VIX
038,QQQ_TQQQ_VIX,QQQ,TQQQ,QQQ,20,25,1.0,50,2.0,0.06,0.6,12,26,9,14,VIX
039,QQQ_TQQQ_VIX,QQQ,TQQQ,QQQ,20,25,1.0,50,2.5,0.05,0.6,12,26,9,14,VIX
040,QQQ_TQQQ_VIX,QQQ,TQQQ,QQQ,20,25,1.0,50,2.5,0.06,0.6,12,26,9,14,VIX
041,QQQ_TQQQ_VIX,QQQ,TQQQ,QQQ,20,25,1.0,50,1.0,0.05,0.6,12,26,9,14,VIX
042,QQQ_TQQQ_VIX,QQQ,TQQQ,QQQ,20,25,1.0,50,1.0,0.06,0.6,12,26,9,14,VIX
043,QQQ_TQQQ_VIX,QQQ,TQQQ,QQQ,20,25,1.0,75,2.0,0.05,0.6,12,26,9,14,VIX
044,QQQ_TQQQ_VIX,QQQ,TQQQ,QQQ,20,25,1.0,75,2.0,0.06,0.6,12,26,9,14,VIX
045,QQQ_TQQQ_VIX,QQQ,TQQQ,QQQ,20,25,1.0,75,2.5,0.05,0.6,12,26,9,14,VIX
046,QQQ_TQQQ_VIX,QQQ,TQQQ,QQQ,20,25,1.0,75,2.5,0.06,0.6,12,26,9,14,VIX
047,QQQ_TQQQ_VIX,QQQ,TQQQ,QQQ,20,25,1.0,75,1.0,0.05,0.6,12,26,9,14,VIX
048,QQQ_TQQQ_VIX,QQQ,TQQQ,QQQ,20,25,1.0,75,1.0,0.06,0.6,12,26,9,14,VIX
049,QQQ_TQQQ_VIX,QQQ,TQQQ,QQQ,20,25,1.0,100,2.0,0.05,0.6,12,26,9,14,VIX
050,QQQ_TQQQ_VIX,QQQ,TQQQ,QQQ,20,25,1.0,100,2.0,0.06,0.6,12,26,9,14,VIX
051,QQQ_TQQQ_VIX,QQQ,TQQQ,QQQ,20,25,1.0,100,2.5,0.05,0.6,12,26,9,14,VIX
052,QQQ_TQQQ_VIX,QQQ,TQQQ,QQQ,20,25,1.0,100,2.5,0.06,0.6,12,26,9,14,VIX
053,QQQ_TQQQ_VIX,QQQ,TQQQ,QQQ,20,25,1.0,100,1.0,0.05,0.6,12,26,9,14,VIX
054,QQQ_TQQQ_VIX,QQQ,TQQQ,QQQ,20,25,1.0,100,1.0,0.06,0.6,12,26,9,14,VIX
055,QQQ_TQQQ_VIX,QQQ,TQQQ,QQQ,20,75,2.5,50,2.0,0.05,0.6,12,26,9,14,VIX
056,QQQ_TQQQ_VIX,QQQ,TQQQ,QQQ,20,75,2.5,50,2.0,0.06,0.6,12,26,9,14,VIX
057,QQQ_TQQQ_VIX,QQQ,TQQQ,QQQ,20,75,2.5,50,2.5,0.05,0.6,12,26,9,14,VIX
058,QQQ_TQQQ_VIX,QQQ,TQQQ,QQQ,20,75,2.5,50,2.5,0.06,0.6,12,26,9,14,VIX
059,QQQ_TQQQ_VIX,QQQ,TQQQ,QQQ,20,75,2.5,50,1.0,0.05,0.6,12,26,9,14,VIX
060,QQQ_TQQQ_VIX,QQQ,TQQQ,QQQ,20,75,2.5,50,1.0,0.06,0.6,12,26,9,14,VIX
061,QQQ_TQQQ_VIX,QQQ,TQQQ,QQQ,20,75,2.5,75,2.0,0.05,0.6,12,26,9,14,VIX
062,QQQ_TQQQ_VIX,QQQ,TQQQ,QQQ,20,75,2.5,75,2.0,0.06,0.6,12,26,9,14,VIX
063,QQQ_TQQQ_VIX,QQQ,TQQQ,QQQ,20,75,2.5,75,2.5,0.05,0.6,12,26,9,14,VIX
064,QQQ_TQQQ_VIX,QQQ,TQQQ,QQQ,20,75,2.5,75,2.5,0.06,0.6,12,26,9,14,VIX
065,QQQ_TQQQ_VIX,QQQ,TQQQ,QQQ,20,75,2.5,75,1.0,0.05,0.6,12,26,9,14,VIX
066,QQQ_TQQQ_VIX,QQQ,TQQQ,QQQ,20,75,2.5,75,1.0,0.06,0.6,12,26,9,14,VIX
067,QQQ_TQQQ_VIX,QQQ,TQQQ,QQQ,20,75,2.5,100,2.0,0.05,0.6,12,26,9,14,VIX
068,QQQ_TQQQ_VIX,QQQ,TQQQ,QQQ,20,75,2.5,100,2.0,0.06,0.6,12,26,9,14,VIX
069,QQQ_TQQQ_VIX,QQQ,TQQQ,QQQ,20,75,2.5,100,2.5,0.05,0.6,12,26,9,14,VIX
070,QQQ_TQQQ_VIX,QQQ,TQQQ,QQQ,20,75,2.5,100,2.5,0.06,0.6,12,26,9,14,VIX
071,QQQ_TQQQ_VIX,QQQ,TQQQ,QQQ,20,75,2.5,100,1.0,0.05,0.6,12,26,9,14,VIX
072,QQQ_TQQQ_VIX,QQQ,TQQQ,QQQ,20,75,2.5,100,1.0,0.06,0.6,12,26,9,14,VIX
073,QQQ_TQQQ_VIX,QQQ,TQQQ,QQQ,20,75,2.0,50,2.0,0.05,0.6,12,26,9,14,VIX
074,QQQ_TQQQ_VIX,QQQ,TQQQ,QQQ,20,75,2.0,50,2.0,0.06,0.6,12,26,9,14,VIX
075,QQQ_TQQQ_VIX,QQQ,TQQQ,QQQ,20,75,2.0,50,2.5,0.05,0.6,12,26,9,14,VIX
076,QQQ_TQQQ_VIX,QQQ,TQQQ,QQQ,20,75,2.0,50,2.5,0.06,0.6,12,26,9,14,VIX
077,QQQ_TQQQ_VIX,QQQ,TQQQ,QQQ,20,75,2.0,50,1.0,0.05,0.6,12,26,9,14,VIX
078,QQQ_TQQQ_VIX,QQQ,TQQQ,QQQ,20,75,2.0,50,1.0,0.06,0.6,12,26,9,14,VIX
079,QQQ_TQQQ_VIX,QQQ,TQQQ,QQQ,20,75,2.0,75,2.0,0.05,0.6,12,26,9,14,VIX
080,QQQ_TQQQ_VIX,QQQ,TQQQ,QQQ,20,75,2.0,75,2.0,0.06,0.6,12,26,9,14,VIX
081,QQQ_TQQQ_VIX,QQQ,TQQQ,QQQ,20,75,2.0,75,2.5,0.05,0.6,12,26,9,14,VIX
082,QQQ_TQQQ_VIX,QQQ,TQQQ,QQQ,20,75,2.0,75,2.5,0.06,0.6,12,26,9,14,VIX
083,QQQ_TQQQ_VIX,QQQ,TQQQ,QQQ,20,75,2.0,75,1.0,0.05,0.6,12,26,9,14,VIX
084,QQQ_TQQQ_VIX,QQQ,TQQQ,QQQ,20,75,2.0,75,1.0,0.06,0.6,12,26,9,14,VIX
085,QQQ_TQQQ_VIX,QQQ,TQQQ,QQQ,20,75,2.0,100,2.0,0.05,0.6,12,26,9,14,VIX
086,QQQ_TQQQ_VIX,QQQ,TQQQ,QQQ,20,75,2.0,100,2.0,0.06,0.6,12,26,9,14,VIX
087,QQQ_TQQQ_VIX,QQQ,TQQQ,QQQ,20,75,2.0,100,2.5,0.05,0.6,12,26,9,14,VIX
088,QQQ_TQQQ_VIX,QQQ,TQQQ,QQQ,20,75,2.0,100,2.5,0.06,0.6,12,26,9,14,VIX
089,QQQ_TQQQ_VIX,QQQ,TQQQ,QQQ,20,75,2.0,100,1.0,0.05,0.6,12,26,9,14,VIX
090,QQQ_TQQQ_VIX,QQQ,TQQQ,QQQ,20,75,2.0,100,1.0,0.06,0.6,12,26,9,14,VIX
091,QQQ_TQQQ_VIX,QQQ,TQQQ,QQQ,20,75,1.0,50,2.0,0.05,0.6,12,26,9,14,VIX
092,QQQ_TQQQ_VIX,QQQ,TQQQ,QQQ,20,75,1.0,50,2.0,0.06,0.6,12,26,9,14,VIX
093,QQQ_TQQQ_VIX,QQQ,TQQQ,QQQ,20,75,1.0,50,2.5,0.05,0.6,12,26,9,14,VIX
094,QQQ_TQQQ_VIX,QQQ,TQQQ,QQQ,20,75,1.0,50,2.5,0.06,0.6,12,26,9,14,VIX
095,QQQ_TQQQ_VIX,QQQ,TQQQ,QQQ,20,75,1.0,50,1.0,0.05,0.6,12,26,9,14,VIX
096,QQQ_TQQQ_VIX,QQQ,TQQQ,QQQ,20,75,1.0,50,1.0,0.06,0.6,12,26,9,14,VIX
097,QQQ_TQQQ_VIX,QQQ,TQQQ,QQQ,20,75,1.0,75,2.0,0.05,0.6,12,26,9,14,VIX
098,QQQ_TQQQ_VIX,QQQ,TQQQ,QQQ,20,75,1.0,75,2.0,0.06,0.6,12,26,9,14,VIX
099,QQQ_TQQQ_VIX,QQQ,TQQQ,QQQ,20,75,1.0,75,2.5,0.05,0.6,12,26,9,14,VIX
100,QQQ_TQQQ_VIX,QQQ,TQQQ,QQQ,20,75,1.0,75,2.5,0.06,0.6,12,26,9,14,VIX
101,QQQ_TQQQ_VIX,QQQ,TQQQ,QQQ,20,75,1.0,75,1.0,0.05,0.6,12,26,9,14,VIX
102,QQQ_TQQQ_VIX,QQQ,TQQQ,QQQ,20,75,1.0,75,1.0,0.06,0.6,12,26,9,14,VIX
103,QQQ_TQQQ_VIX,QQQ,TQQQ,QQQ,20,75,1.0,100,2.0,0.05,0.6,12,26,9,14,VIX
104,QQQ_TQQQ_VIX,QQQ,TQQQ,QQQ,20,75,1.0,100,2.0,0.06,0.6,12,26,9,14,VIX
105,QQQ_TQQQ_VIX,QQQ,TQQQ,QQQ,20,75,1.0,100,2.5,0.05,0.6,12,26,9,14,VIX
106,QQQ_TQQQ_VIX,QQQ,TQQQ,QQQ,20,75,1.0,100,2.5,0.06,0.6,12,26,9,14,VIX
107,QQQ_TQQQ_VIX,QQQ,TQQQ,QQQ,20,75,1.0,100,1.0,0.05,0.6,12,26,9,14,VIX
108,QQQ_TQQQ_VIX,QQQ,TQQQ,QQQ,20,75,1.0,100,1.0,0.06,0.6,12,26,9,14,VIX
109,QQQ_TQQQ_VIX,QQQ,TQQQ,QQQ,20,100,2.5,50,2.0,0.05,0.6,12,26,9,14,VIX
110,QQQ_TQQQ_VIX,QQQ,TQQQ,QQQ,20,100,2.5,50,2.0,0.06,0.6,12,26,9,14,VIX
111,QQQ_TQQQ_VIX,QQQ,TQQQ,QQQ,20,100,2.5,50,2.5,0.05,0.6,12,26,9,14,VIX
112,QQQ_TQQQ_VIX,QQQ,TQQQ,QQQ,20,100,2.5,50,2.5,0.06,0.6,12,26,9,14,VIX
113,QQQ_TQQQ_VIX,QQQ,TQQQ,QQQ,20,100,2.5,50,1.0,0.05,0.6,12,26,9,14,VIX
114,QQQ_TQQQ_VIX,QQQ,TQQQ,QQQ,20,100,2.5,50,1.0,0.06,0.6,12,26,9,14,VIX
115,QQQ_TQQQ_VIX,QQQ,TQQQ,QQQ,20,100,2.5,75,2.0,0.05,0.6,12,26,9,14,VIX
116,QQQ_TQQQ_VIX,QQQ,TQQQ,QQQ,20,100,2.5,75,2.0,0.06,0.6,12,26,9,14,VIX
117,QQQ_TQQQ_VIX,QQQ,TQQQ,QQQ,20,100,2.5,75,2.5,0.05,0.6,12,26,9,14,VIX
118,QQQ_TQQQ_VIX,QQQ,TQQQ,QQQ,20,100,2.5,75,2.5,0.06,0.6,12,26,9,14,VIX
119,QQQ_TQQQ_VIX,QQQ,TQQQ,QQQ,20,100,2.5,75,1.0,0.05,0.6,12,26,9,14,VIX
120,QQQ_TQQQ_VIX,QQQ,TQQQ,QQQ,20,100,2.5,75,1.0,0.06,0.6,12,26,9,14,VIX
121,QQQ_TQQQ_VIX,QQQ,TQQQ,QQQ,20,100,2.5,100,2.0,0.05,0.6,12,26,9,14,VIX
122,QQQ_TQQQ_VIX,QQQ,TQQQ,QQQ,20,100,2.5,100,2.0,0.06,0.6,12,26,9,14,VIX
123,QQQ_TQQQ_VIX,QQQ,TQQQ,QQQ,20,100,2.5,100,2.5,0.05,0.6,12,26,9,14,VIX
124,QQQ_TQQQ_VIX,QQQ,TQQQ,QQQ,20,100,2.5,100,2.5,0.06,0.6,12,26,9,14,VIX
125,QQQ_TQQQ_VIX,QQQ,TQQQ,QQQ,20,100,2.5,100,1.0,0.05,0.6,12,26,9,14,VIX
126,QQQ_TQQQ_VIX,QQQ,TQQQ,QQQ,20,100,2.5,100,1.0,0.06,0.6,12,26,9,14,VIX
127,QQQ_TQQQ_VIX,QQQ,TQQQ,QQQ,20,100,2.0,50,2.0,0.05,0.6,12,26,9,14,VIX
128,QQQ_TQQQ_VIX,QQQ,TQQQ,QQQ,20,100,2.0,50,2.0,0.06,0.6,12,26,9,14,VIX
129,QQQ_TQQQ_VIX,QQQ,TQQQ,QQQ,20,100,2.0,50,2.5,0.05,0.6,12,26,9,14,VIX
130,QQQ_TQQQ_VIX,QQQ,TQQQ,QQQ,20,100,2.0,50,2.5,0.06,0.6,12,26,9,14,VIX
131,QQQ_TQQQ_VIX,QQQ,TQQQ,QQQ,20,100,2.0,50,1.0,0.05,0.6,12,26,9,14,VIX
132,QQQ_TQQQ_VIX,QQQ,TQQQ,QQQ,20,100,2.0,50,1.0,0.06,0.6,12,26,9,14,VIX
133,QQQ_TQQQ_VIX,QQQ,TQQQ,QQQ,20,100,2.0,75,2.0,0.05,0.6,12,26,9,14,VIX
134,QQQ_TQQQ_VIX,QQQ,TQQQ,QQQ,20,100,2.0,75,2.0,0.06,0.6,12,26,9,14,VIX
135,QQQ_TQQQ_VIX,QQQ,TQQQ,QQQ,20,100,2.0,75,2.5,0.05,0.6,12,26,9,14,VIX
136,QQQ_TQQQ_VIX,QQQ,TQQQ,QQQ,20,100,2.0,75,2.5,0.06,0.6,12,26,9,14,VIX
137,QQQ_TQQQ_VIX,QQQ,TQQQ,QQQ,20,100,2.0,75,1.0,0.05,0.6,12,26,9,14,VIX
138,QQQ_TQQQ_VIX,QQQ,TQQQ,QQQ,20,100,2.0,75,1.0,0.06,0.6,12,26,9,14,VIX
139,QQQ_TQQQ_VIX,QQQ,TQQQ,QQQ,20,100,2.0,100,2.0,0.05,0.6,12,26,9,14,VIX
140,QQQ_TQQQ_VIX,QQQ,TQQQ,QQQ,20,100,2.0,100,2.0,0.06,0.6,12,26,9,14,VIX
141,QQQ_TQQQ_VIX,QQQ,TQQQ,QQQ,20,100,2.0,100,2.5,0.05,0.6,12,26,9,14,VIX
142,QQQ_TQQQ_VIX,QQQ,TQQQ,QQQ,20,100,2.0,100,2.5,0.06,0.6,12,26,9,14,VIX
143,QQQ_TQQQ_VIX,QQQ,TQQQ,QQQ,20,100,2.0,100,1.0,0.05,0.6,12,26,9,14,VIX
144,QQQ_TQQQ_VIX,QQQ,TQQQ,QQQ,20,100,2.0,100,1.0,0.06,0.6,12,26,9,14,VIX
145,QQQ_TQQQ_VIX,QQQ,TQQQ,QQQ,20,100,1.0,50,2.0,0.05,0.6,12,26,9,14,VIX
146,QQQ_TQQQ_VIX,QQQ,TQQQ,QQQ,20,100,1.0,50,2.0,0.06,0.6,12,26,9,14,VIX
147,QQQ_TQQQ_VIX,QQQ,TQQQ,QQQ,20,100,1.0,50,2.5,0.05,0.6,12,26,9,14,VIX
148,QQQ_TQQQ_VIX,QQQ,TQQQ,QQQ,20,100,1.0,50,2.5,0.06,0.6,12,26,9,14,VIX
149,QQQ_TQQQ_VIX,QQQ,TQQQ,QQQ,20,100,1.0,50,1.0,0.05,0.6,12,26,9,14,VIX
150,QQQ_TQQQ_VIX,QQQ,TQQQ,QQQ,20,100,1.0,50,1.0,0.06,0.6,12,26,9,14,VIX
151,QQQ_TQQQ_VIX,QQQ,TQQQ,QQQ,20,100,1.0,75,2.0,0.05,0.6,12,26,9,14,VIX
152,QQQ_TQQQ_VIX,QQQ,TQQQ,QQQ,20,100,1.0,75,2.0,0.06,0.6,12,26,9,14,VIX
153,QQQ_TQQQ_VIX,QQQ,TQQQ,QQQ,20,100,1.0,75,2.5,0.05,0.6,12,26,9,14,VIX
154,QQQ_TQQQ_VIX,QQQ,TQQQ,QQQ,20,100,1.0,75,2.5,0.06,0.6,12,26,9,14,VIX
155,QQQ_TQQQ_VIX,QQQ,TQQQ,QQQ,20,100,1.0,75,1.0,0.05,0.6,12,26,9,14,VIX
156,QQQ_TQQQ_VIX,QQQ,TQQQ,QQQ,20,100,1.0,75,1.0,0.06,0.6,12,26,9,14,VIX
157,QQQ_TQQQ_VIX,QQQ,TQQQ,QQQ,20,100,1.0,100,2.0,0.05,0.6,12,26,9,14,VIX
158,QQQ_TQQQ_VIX,QQQ,TQQQ,QQQ,20,100,1.0,100,2.0,0.06,0.6,12,26,9,14,VIX
159,QQQ_TQQQ_VIX,QQQ,TQQQ,QQQ,20,100,1.0,100,2.5,0.05,0.6,12,26,9,14,VIX
160,QQQ_TQQQ_VIX,QQQ,TQQQ,QQQ,20,100,1.0,100,2.5,0.06,0.6,12,26,9,14,VIX
161,QQQ_TQQQ_VIX,QQQ,TQQQ,QQQ,20,100,1.0,100,1.0,0.05,0.6,12,26,9,14,VIX
162,QQQ_TQQQ_VIX,QQQ,TQQQ,QQQ,20,100,1.0,100,1.0,0.06,0.6,12,26,9,14,VIX
163,QQQ_TQQQ_VIX,QQQ,TQQQ,QQQ,50,25,2.5,50,2.0,0.05,0.6,12,26,9,14,VIX
164,QQQ_TQQQ_VIX,QQQ,TQQQ,QQQ,50,25,2.5,50,2.0,0.06,0.6,12,26,9,14,VIX
165,QQQ_TQQQ_VIX,QQQ,TQQQ,QQQ,50,25,2.5,50,2.5,0.05,0.6,12,26,9,14,VIX
166,QQQ_TQQQ_VIX,QQQ,TQQQ,QQQ,50,25,2.5,50,2.5,0.06,0.6,12,26,9,14,VIX
167,QQQ_TQQQ_VIX,QQQ,TQQQ,QQQ,50,25,2.5,50,1.0,0.05,0.6,12,26,9,14,VIX
168,QQQ_TQQQ_VIX,QQQ,TQQQ,QQQ,50,25,2.5,50,1.0,0.06,0.6,12,26,9,14,VIX
169,QQQ_TQQQ_VIX,QQQ,TQQQ,QQQ,50,25,2.5,75,2.0,0.05,0.6,12,26,9,14,VIX
170,QQQ_TQQQ_VIX,QQQ,TQQQ,QQQ,50,25,2.5,75,2.0,0.06,0.6,12,26,9,14,VIX
171,QQQ_TQQQ_VIX,QQQ,TQQQ,QQQ,50,25,2.5,75,2.5,0.05,0.6,12,26,9,14,VIX
172,QQQ_TQQQ_VIX,QQQ,TQQQ,QQQ,50,25,2.5,75,2.5,0.06,0.6,12,26,9,14,VIX
173,QQQ_TQQQ_VIX,QQQ,TQQQ,QQQ,50,25,2.5,75,1.0,0.05,0.6,12,26,9,14,VIX
174,QQQ_TQQQ_VIX,QQQ,TQQQ,QQQ,50,25,2.5,75,1.0,0.06,0.6,12,26,9,14,VIX
175,QQQ_TQQQ_VIX,QQQ,TQQQ,QQQ,50,25,2.5,100,2.0,0.05,0.6,12,26,9,14,VIX
176,QQQ_TQQQ_VIX,QQQ,TQQQ,QQQ,50,25,2.5,100,2.0,0.06,0.6,12,26,9,14,VIX
177,QQQ_TQQQ_VIX,QQQ,TQQQ,QQQ,50,25,2.5,100,2.5,0.05,0.6,12,26,9,14,VIX
178,QQQ_TQQQ_VIX,QQQ,TQQQ,QQQ,50,25,2.5,100,2.5,0.06,0.6,12,26,9,14,VIX
179,QQQ_TQQQ_VIX,QQQ,TQQQ,QQQ,50,25,2.5,100,1.0,0.05,0.6,12,26,9,14,VIX
180,QQQ_TQQQ_VIX,QQQ,TQQQ,QQQ,50,25,2.5,100,1.0,0.06,0.6,12,26,9,14,VIX
181,QQQ_TQQQ_VIX,QQQ,TQQQ,QQQ,50,25,2.0,50,2.0,0.05,0.6,12,26,9,14,VIX
182,QQQ_TQQQ_VIX,QQQ,TQQQ,QQQ,50,25,2.0,50,2.0,0.06,0.6,12,26,9,14,VIX
183,QQQ_TQQQ_VIX,QQQ,TQQQ,QQQ,50,25,2.0,50,2.5,0.05,0.6,12,26,9,14,VIX
184,QQQ_TQQQ_VIX,QQQ,TQQQ,QQQ,50,25,2.0,50,2.5,0.06,0.6,12,26,9,14,VIX
185,QQQ_TQQQ_VIX,QQQ,TQQQ,QQQ,50,25,2.0,50,1.0,0.05,0.6,12,26,9,14,VIX
186,QQQ_TQQQ_VIX,QQQ,TQQQ,QQQ,50,25,2.0,50,1.0,0.06,0.6,12,26,9,14,VIX
187,QQQ_TQQQ_VIX,QQQ,TQQQ,QQQ,50,25,2.0,75,2.0,0.05,0.6,12,26,9,14,VIX
188,QQQ_TQQQ_VIX,QQQ,TQQQ,QQQ,50,25,2.0,75,2.0,0.06,0.6,12,26,9,14,VIX
189,QQQ_TQQQ_VIX,QQQ,TQQQ,QQQ,50,25,2.0,75,2.5,0.05,0.6,12,26,9,14,VIX
190,QQQ_TQQQ_VIX,QQQ,TQQQ,QQQ,50,25,2.0,75,2.5,0.06,0.6,12,26,9,14,VIX
191,QQQ_TQQQ_VIX,QQQ,TQQQ,QQQ,50,25,2.0,75,1.0,0.05,0.6,12,26,9,14,VIX
192,QQQ_TQQQ_VIX,QQQ,TQQQ,QQQ,50,25,2.0,75,1.0,0.06,0.6,12,26,9,14,VIX
193,QQQ_TQQQ_VIX,QQQ,TQQQ,QQQ,50,25,2.0,100,2.0,0.05,0.6,12,26,9,14,VIX
194,QQQ_TQQQ_VIX,QQQ,TQQQ,QQQ,50,25,2.0,100,2.0,0.06,0.6,12,26,9,14,VIX
195,QQQ_TQQQ_VIX,QQQ,TQQQ,QQQ,50,25,2.0,100,2.5,0.05,0.6,12,26,9,14,VIX
196,QQQ_TQQQ_VIX,QQQ,TQQQ,QQQ,50,25,2.0,100,2.5,0.06,0.6,12,26,9,14,VIX
197,QQQ_TQQQ_VIX,QQQ,TQQQ,QQQ,50,25,2.0,100,1.0,0.05,0.6,12,26,9,14,VIX
198,QQQ_TQQQ_VIX,QQQ,TQQQ,QQQ,50,25,2.0,100,1.0,0.06,0.6,12,26,9,14,VIX
199,QQQ_TQQQ_VIX,QQQ,TQQQ,QQQ,50,25,1.0,50,2.0,0.05,0.6,12,26,9,14,VIX
200,QQQ_TQQQ_VIX,QQQ,TQQQ,QQQ,50,25,1.0,50,2.0,0.06,0.6,12,26,9,14,VIX
201,QQQ_TQQQ_VIX,QQQ,TQQQ,QQQ,50,25,1.0,50,2.5,0.05,0.6,12,26,9,14,VIX
202,QQQ_TQQQ_VIX,QQQ,TQQQ,QQQ,50,25,1.0,50,2.5,0.06,0.6,12,26,9,14,VIX
203,QQQ_TQQQ_VIX,QQQ,TQQQ,QQQ,50,25,1.0,50,1.0,0.05,0.6,12,26,9,14,VIX
204,QQQ_TQQQ_VIX,QQQ,TQQQ,QQQ,50,25,1.0,50,1.0,0.06,0.6,12,26,9,14,VIX
205,QQQ_TQQQ_VIX,QQQ,TQQQ,QQQ,50,25,1.0,75,2.0,0.05,0.6,12,26,9,14,VIX
206,QQQ_TQQQ_VIX,QQQ,TQQQ,QQQ,50,25,1.0,75,2.0,0.06,0.6,12,26,9,14,VIX
207,QQQ_TQQQ_VIX,QQQ,TQQQ,QQQ,50,25,1.0,75,2.5,0.05,0.6,12,26,9,14,VIX
208,QQQ_TQQQ_VIX,QQQ,TQQQ,QQQ,50,25,1.0,75,2.5,0.06,0.6,12,26,9,14,VIX
209,QQQ_TQQQ_VIX,QQQ,TQQQ,QQQ,50,25,1.0,75,1.0,0.05,0.6,12,26,9,14,VIX
210,QQQ_TQQQ_VIX,QQQ,TQQQ,QQQ,50,25,1.0,75,1.0,0.06,0.6,12,26,9,14,VIX
211,QQQ_TQQQ_VIX,QQQ,TQQQ,QQQ,50,25,1.0,100,2.0,0.05,0.6,12,26,9,14,VIX
212,QQQ_TQQQ_VIX,QQQ,TQQQ,QQQ,50,25,1.0,100,2.0,0.06,0.6,12,26,9,14,VIX
213,QQQ_TQQQ_VIX,QQQ,TQQQ,QQQ,50,25,1.0,100,2.5,0.05,0.6,12,26,9,14,VIX
214,QQQ_TQQQ_VIX,QQQ,TQQQ,QQQ,50,25,1.0,100,2.5,0.06,0.6,12,26,9,14,VIX
215,QQQ_TQQQ_VIX,QQQ,TQQQ,QQQ,50,25,1.0,100,1.0,0.05,0.6,12,26,9,14,VIX
216,QQQ_TQQQ_VIX,QQQ,TQQQ,QQQ,50,25,1.0,100,1.0,0.06,0.6,12,26,9,14,VIX
217,QQQ_TQQQ_VIX,QQQ,TQQQ,QQQ,50,75,2.5,50,2.0,0.05,0.6,12,26,9,14,VIX
218,QQQ_TQQQ_VIX,QQQ,TQQQ,QQQ,50,75,2.5,50,2.0,0.06,0.6,12,26,9,14,VIX
219,QQQ_TQQQ_VIX,QQQ,TQQQ,QQQ,50,75,2.5,50,2.5,0.05,0.6,12,26,9,14,VIX
220,QQQ_TQQQ_VIX,QQQ,TQQQ,QQQ,50,75,2.5,50,2.5,0.06,0.6,12,26,9,14,VIX
221,QQQ_TQQQ_VIX,QQQ,TQQQ,QQQ,50,75,2.5,50,1.0,0.05,0.6,12,26,9,14,VIX
222,QQQ_TQQQ_VIX,QQQ,TQQQ,QQQ,50,75,2.5,50,1.0,0.06,0.6,12,26,9,14,VIX
223,QQQ_TQQQ_VIX,QQQ,TQQQ,QQQ,50,75,2.5,75,2.0,0.05,0.6,12,26,9,14,VIX
224,QQQ_TQQQ_VIX,QQQ,TQQQ,QQQ,50,75,2.5,75,2.0,0.06,0.6,12,26,9,14,VIX
225,QQQ_TQQQ_VIX,QQQ,TQQQ,QQQ,50,75,2.5,75,2.5,0.05,0.6,12,26,9,14,VIX
226,QQQ_TQQQ_VIX,QQQ,TQQQ,QQQ,50,75,2.5,75,2.5,0.06,0.6,12,26,9,14,VIX
227,QQQ_TQQQ_VIX,QQQ,TQQQ,QQQ,50,75,2.5,75,1.0,0.05,0.6,12,26,9,14,VIX
228,QQQ_TQQQ_VIX,QQQ,TQQQ,QQQ,50,75,2.5,75,1.0,0.06,0.6,12,26,9,14,VIX
229,QQQ_TQQQ_VIX,QQQ,TQQQ,QQQ,50,75,2.5,100,2.0,0.05,0.6,12,26,9,14,VIX
230,QQQ_TQQQ_VIX,QQQ,TQQQ,QQQ,50,75,2.5,100,2.0,0.06,0.6,12,26,9,14,VIX
231,QQQ_TQQQ_VIX,QQQ,TQQQ,QQQ,50,75,2.5,100,2.5,0.05,0.6,12,26,9,14,VIX
232,QQQ_TQQQ_VIX,QQQ,TQQQ,QQQ,50,75,2.5,100,2.5,0.06,0.6,12,26,9,14,VIX
233,QQQ_TQQQ_VIX,QQQ,TQQQ,QQQ,50,75,2.5,100,1.0,0.05,0.6,12,26,9,14,VIX
234,QQQ_TQQQ_VIX,QQQ,TQQQ,QQQ,50,75,2.5,100,1.0,0.06,0.6,12,26,9,14,VIX
235,QQQ_TQQQ_VIX,QQQ,TQQQ,QQQ,50,75,2.0,50,2.0,0.05,0.6,12,26,9,14,VIX
236,QQQ_TQQQ_VIX,QQQ,TQQQ,QQQ,50,75,2.0,50,2.0,0.06,0.6,12,26,9,14,VIX
237,QQQ_TQQQ_VIX,QQQ,TQQQ,QQQ,50,75,2.0,50,2.5,0.05,0.6,12,26,9,14,VIX
238,QQQ_TQQQ_VIX,QQQ,TQQQ,QQQ,50,75,2.0,50,2.5,0.06,0.6,12,26,9,14,VIX
239,QQQ_TQQQ_VIX,QQQ,TQQQ,QQQ,50,75,2.0,50,1.0,0.05,0.6,12,26,9,14,VIX
240,QQQ_TQQQ_VIX,QQQ,TQQQ,QQQ,50,75,2.0,50,1.0,0.06,0.6,12,26,9,14,VIX
241,QQQ_TQQQ_VIX,QQQ,TQQQ,QQQ,50,75,2.0,75,2.0,0.05,0.6,12,26,9,14,VIX
242,QQQ_TQQQ_VIX,QQQ,TQQQ,QQQ,50,75,2.0,75,2.0,0.06,0.6,12,26,9,14,VIX
243,QQQ_TQQQ_VIX,QQQ,TQQQ,QQQ,50,75,2.0,75,2.5,0.05,0.6,12,26,9,14,VIX
244,QQQ_TQQQ_VIX,QQQ,TQQQ,QQQ,50,75,2.0,75,2.5,0.06,0.6,12,26,9,14,VIX
245,QQQ_TQQQ_VIX,QQQ,TQQQ,QQQ,50,75,2.0,75,1.0,0.05,0.6,12,26,9,14,VIX
246,QQQ_TQQQ_VIX,QQQ,TQQQ,QQQ,50,75,2.0,75,1.0,0.06,0.6,12,26,9,14,VIX
247,QQQ_TQQQ_VIX,QQQ,TQQQ,QQQ,50,75,2.0,100,2.0,0.05,0.6,12,26,9,14,VIX
248,QQQ_TQQQ_VIX,QQQ,TQQQ,QQQ,50,75,2.0,100,2.0,0.06,0.6,12,26,9,14,VIX
249,QQQ_TQQQ_VIX,QQQ,TQQQ,QQQ,50,75,2.0,100,2.5,0.05,0.6,12,26,9,14,VIX
250,QQQ_TQQQ_VIX,QQQ,TQQQ,QQQ,50,75,2.0,100,2.5,0.06,0.6,12,26,9,14,VIX
251,QQQ_TQQQ_VIX,QQQ,TQQQ,QQQ,50,75,2.0,100,1.0,0.05,0.6,12,26,9,14,VIX
252,QQQ_TQQQ_VIX,QQQ,TQQQ,QQQ,50,75,2.0,100,1.0,0.06,0.6,12,26,9,14,VIX
253,QQQ_TQQQ_VIX,QQQ,TQQQ,QQQ,50,75,1.0,50,2.0,0.05,0.6,12,26,9,14,VIX
254,QQQ_TQQQ_VIX,QQQ,TQQQ,QQQ,50,75,1.0,50,2.0,0.06,0.6,12,26,9,14,VIX
255,QQQ_TQQQ_VIX,QQQ,TQQQ,QQQ,50,75,1.0,50,2.5,0.05,0.6,12,26,9,14,VIX
256,QQQ_TQQQ_VIX,QQQ,TQQQ,QQQ,50,75,1.0,50,2.5,0.06,0.6,12,26,9,14,VIX
257,QQQ_TQQQ_VIX,QQQ,TQQQ,QQQ,50,75,1.0,50,1.0,0.05,0.6,12,26,9,14,VIX
258,QQQ_TQQQ_VIX,QQQ,TQQQ,QQQ,50,75,1.0,50,1.0,0.06,0.6,12,26,9,14,VIX
259,QQQ_TQQQ_VIX,QQQ,TQQQ,QQQ,50,75,1.0,75,2.0,0.05,0.6,12,26,9,14,VIX
260,QQQ_TQQQ_VIX,QQQ,TQQQ,QQQ,50,75,1.0,75,2.0,0.06,0.6,12,26,9,14,VIX
261,QQQ_TQQQ_VIX,QQQ,TQQQ,QQQ,50,75,1.0,75,2.5,0.05,0.6,12,26,9,14,VIX
262,QQQ_TQQQ_VIX,QQQ,TQQQ,QQQ,50,75,1.0,75,2.5,0.06,0.6,12,26,9,14,VIX
263,QQQ_TQQQ_VIX,QQQ,TQQQ,QQQ,50,75,1.0,75,1.0,0.05,0.6,12,26,9,14,VIX
264,QQQ_TQQQ_VIX,QQQ,TQQQ,QQQ,50,75,1.0,75,1.0,0.06,0.6,12,26,9,14,VIX
265,QQQ_TQQQ_VIX,QQQ,TQQQ,QQQ,50,75,1.0,100,2.0,0.05,0.6,12,26,9,14,VIX
266,QQQ_TQQQ_VIX,QQQ,TQQQ,QQQ,50,75,1.0,100,2.0,0.06,0.6,12,26,9,14,VIX
267,QQQ_TQQQ_VIX,QQQ,TQQQ,QQQ,50,75,1.0,100,2.5,0.05,0.6,12,26,9,14,VIX
268,QQQ_TQQQ_VIX,QQQ,TQQQ,QQQ,50,75,1.0,100,2.5,0.06,0.6,12,26,9,14,VIX
269,QQQ_TQQQ_VIX,QQQ,TQQQ,QQQ,50,75,1.0,100,1.0,0.05,0.6,12,26,9,14,VIX
270,QQQ_TQQQ_VIX,QQQ,TQQQ,QQQ,50,75,1.0,100,1.0,0.06,0.6,12,26,9,14,VIX
271,QQQ_TQQQ_VIX,QQQ,TQQQ,QQQ,50,100,2.5,50,2.0,0.05,0.6,12,26,9,14,VIX
272,QQQ_TQQQ_VIX,QQQ,TQQQ,QQQ,50,100,2.5,50,2.0,0.06,0.6,12,26,9,14,VIX
273,QQQ_TQQQ_VIX,QQQ,TQQQ,QQQ,50,100,2.5,50,2.5,0.05,0.6,12,26,9,14,VIX
274,QQQ_TQQQ_VIX,QQQ,TQQQ,QQQ,50,100,2.5,50,2.5,0.06,0.6,12,26,9,14,VIX
275,QQQ_TQQQ_VIX,QQQ,TQQQ,QQQ,50,100,2.5,50,1.0,0.05,0.6,12,26,9,14,VIX
276,QQQ_TQQQ_VIX,QQQ,TQQQ,QQQ,50,100,2.5,50,1.0,0.06,0.6,12,26,9,14,VIX
277,QQQ_TQQQ_VIX,QQQ,TQQQ,QQQ,50,100,2.5,75,2.0,0.05,0.6,12,26,9,14,VIX
278,QQQ_TQQQ_VIX,QQQ,TQQQ,QQQ,50,100,2.5,75,2.0,0.06,0.6,12,26,9,14,VIX
279,QQQ_TQQQ_VIX,QQQ,TQQQ,QQQ,50,100,2.5,75,2.5,0.05,0.6,12,26,9,14,VIX
280,QQQ_TQQQ_VIX,QQQ,TQQQ,QQQ,50,100,2.5,75,2.5,0.06,0.6,12,26,9,14,VIX
281,QQQ_TQQQ_VIX,QQQ,TQQQ,QQQ,50,100,2.5,75,1.0,0.05,0.6,12,26,9,14,VIX
282,QQQ_TQQQ_VIX,QQQ,TQQQ,QQQ,50,100,2.5,75,1.0,0.06,0.6,12,26,9,14,VIX
283,QQQ_TQQQ_VIX,QQQ,TQQQ,QQQ,50,100,2.5,100,2.0,0.05,0.6,12,26,9,14,VIX
284,QQQ_TQQQ_VIX,QQQ,TQQQ,QQQ,50,100,2.5,100,2.0,0.06,0.6,12,26,9,14,VIX
285,QQQ_TQQQ_VIX,QQQ,TQQQ,QQQ,50,100,2.5,100,2.5,0.05,0.6,12,26,9,14,VIX
286,QQQ_TQQQ_VIX,QQQ,TQQQ,QQQ,50,100,2.5,100,2.5,0.06,0.6,12,26,9,14,VIX
287,QQQ_TQQQ_VIX,QQQ,TQQQ,QQQ,50,100,2.5,100,1.0,0.05,0.6,12,26,9,14,VIX
288,QQQ_TQQQ_VIX,QQQ,TQQQ,QQQ,50,100,2.5,100,1.0,0.06,0.6,12,26,9,14,VIX
289,QQQ_TQQQ_VIX,QQQ,TQQQ,QQQ,50,100,2.0,50,2.0,0.05,0.6,12,26,9,14,VIX
290,QQQ_TQQQ_VIX,QQQ,TQQQ,QQQ,50,100,2.0,50,2.0,0.06,0.6,12,26,9,14,VIX
291,QQQ_TQQQ_VIX,QQQ,TQQQ,QQQ,50,100,2.0,50,2.5,0.05,0.6,12,26,9,14,VIX
292,QQQ_TQQQ_VIX,QQQ,TQQQ,QQQ,50,100,2.0,50,2.5,0.06,0.6,12,26,9,14,VIX
293,QQQ_TQQQ_VIX,QQQ,TQQQ,QQQ,50,100,2.0,50,1.0,0.05,0.6,12,26,9,14,VIX
294,QQQ_TQQQ_VIX,QQQ,TQQQ,QQQ,50,100,2.0,50,1.0,0.06,0.6,12,26,9,14,VIX
295,QQQ_TQQQ_VIX,QQQ,TQQQ,QQQ,50,100,2.0,75,2.0,0.05,0.6,12,26,9,14,VIX
296,QQQ_TQQQ_VIX,QQQ,TQQQ,QQQ,50,100,2.0,75,2.0,0.06,0.6,12,26,9,14,VIX
297,QQQ_TQQQ_VIX,QQQ,TQQQ,QQQ,50,100,2.0,75,2.5,0.05,0.6,12,26,9,14,VIX
298,QQQ_TQQQ_VIX,QQQ,TQQQ,QQQ,50,100,2.0,75,2.5,0.06,0.6,12,26,9,14,VIX
299,QQQ_TQQQ_VIX,QQQ,TQQQ,QQQ,50,100,2.0,75,1.0,0.05,0.6,12,26,9,14,VIX
300,QQQ_TQQQ_VIX,QQQ,TQQQ,QQQ,50,100,2.0,75,1.0,0.06,0.6,12,26,9,14,VIX
301,QQQ_TQQQ_VIX,QQQ,TQQQ,QQQ,50,100,2.0,100,2.0,0.05,0.6,12,26,9,14,VIX
302,QQQ_TQQQ_VIX,QQQ,TQQQ,QQQ,50,100,2.0,100,2.0,0.06,0.6,12,26,9,14,VIX
303,QQQ_TQQQ_VIX,QQQ,TQQQ,QQQ,50,100,2.0,100,2.5,0.05,0.6,12,26,9,14,VIX
304,QQQ_TQQQ_VIX,QQQ,TQQQ,QQQ,50,100,2.0,100,2.5,0.06,0.6,12,26,9,14,VIX
305,QQQ_TQQQ_VIX,QQQ,TQQQ,QQQ,50,100,2.0,100,1.0,0.05,0.6,12,26,9,14,VIX
306,QQQ_TQQQ_VIX,QQQ,TQQQ,QQQ,50,100,2.0,100,1.0,0.06,0.6,12,26,9,14,VIX
307,QQQ_TQQQ_VIX,QQQ,TQQQ,QQQ,50,100,1.0,50,2.0,0.05,0.6,12,26,9,14,VIX
308,QQQ_TQQQ_VIX,QQQ,TQQQ,QQQ,50,100,1.0,50,2.0,0.06,0.6,12,26,9,14,VIX
309,QQQ_TQQQ_VIX,QQQ,TQQQ,QQQ,50,100,1.0,50,2.5,0.05,0.6,12,26,9,14,VIX
310,QQQ_TQQQ_VIX,QQQ,TQQQ,QQQ,50,100,1.0,50,2.5,0.06,0.6,12,26,9,14,VIX
311,QQQ_TQQQ_VIX,QQQ,TQQQ,QQQ,50,100,1.0,50,1.0,0.05,0.6,12,26,9,14,VIX
312,QQQ_TQQQ_VIX,QQQ,TQQQ,QQQ,50,100,1.0,50,1.0,0.06,0.6,12,26,9,14,VIX
313,QQQ_TQQQ_VIX,QQQ,TQQQ,QQQ,50,100,1.0,75,2.0,0.05,0.6,12,26,9,14,VIX
314,QQQ_TQQQ_VIX,QQQ,TQQQ,QQQ,50,100,1.0,75,2.0,0.06,0.6,12,26,9,14,VIX
315,QQQ_TQQQ_VIX,QQQ,TQQQ,QQQ,50,100,1.0,75,2.5,0.05,0.6,12,26,9,14,VIX
316,QQQ_TQQQ_VIX,QQQ,TQQQ,QQQ,50,100,1.0,75,2.5,0.06,0.6,12,26,9,14,VIX
317,QQQ_TQQQ_VIX,QQQ,TQQQ,QQQ,50,100,1.0,75,1.0,0.05,0.6,12,26,9,14,VIX
318,QQQ_TQQQ_VIX,QQQ,TQQQ,QQQ,50,100,1.0,75,1.0,0.06,0.6,12,26,9,14,VIX
319,QQQ_TQQQ_VIX,QQQ,TQQQ,QQQ,50,100,1.0,100,2.0,0.05,0.6,12,26,9,14,VIX
320,QQQ_TQQQ_VIX,QQQ,TQQQ,QQQ,50,100,1.0,100,2.0,0.06,0.6,12,26,9,14,VIX
321,QQQ_TQQQ_VIX,QQQ,TQQQ,QQQ,50,100,1.0,100,2.5,0.05,0.6,12,26,9,14,VIX
322,QQQ_TQQQ_VIX,QQQ,TQQQ,QQQ,50,100,1.0,100,2.5,0.06,0.6,12,26,9,14,VIX
323,QQQ_TQQQ_VIX,QQQ,TQQQ,QQQ,50,100,1.0,100,1.0,0.05,0.6,12,26,9,14,VIX
324,QQQ_TQQQ_VIX,QQQ,TQQQ,QQQ,50,100,1.0,100,1.0,0.06,0.6,12,26,9,14,VIX
325,QQQ_TQQQ_VIX,QQQ,TQQQ,QQQ,100,25,2.5,50,2.0,0.05,0.6,12,26,9,14,VIX
326,QQQ_TQQQ_VIX,QQQ,TQQQ,QQQ,100,25,2.5,50,2.0,0.06,0.6,12,26,9,14,VIX
327,QQQ_TQQQ_VIX,QQQ,TQQQ,QQQ,100,25,2.5,50,2.5,0.05,0.6,12,26,9,14,VIX
328,QQQ_TQQQ_VIX,QQQ,TQQQ,QQQ,100,25,2.5,50,2.5,0.06,0.6,12,26,9,14,VIX
329,QQQ_TQQQ_VIX,QQQ,TQQQ,QQQ,100,25,2.5,50,1.0,0.05,0.6,12,26,9,14,VIX
330,QQQ_TQQQ_VIX,QQQ,TQQQ,QQQ,100,25,2.5,50,1.0,0.06,0.6,12,26,9,14,VIX
331,QQQ_TQQQ_VIX,QQQ,TQQQ,QQQ,100,25,2.5,75,2.0,0.05,0.6,12,26,9,14,VIX
332,QQQ_TQQQ_VIX,QQQ,TQQQ,QQQ,100,25,2.5,75,2.0,0.06,0.6,12,26,9,14,VIX
333,QQQ_TQQQ_VIX,QQQ,TQQQ,QQQ,100,25,2.5,75,2.5,0.05,0.6,12,26,9,14,VIX
334,QQQ_TQQQ_VIX,QQQ,TQQQ,QQQ,100,25,2.5,75,2.5,0.06,0.6,12,26,9,14,VIX
335,QQQ_TQQQ_VIX,QQQ,TQQQ,QQQ,100,25,2.5,75,1.0,0.05,0.6,12,26,9,14,VIX
336,QQQ_TQQQ_VIX,QQQ,TQQQ,QQQ,100,25,2.5,75,1.0,0.06,0.6,12,26,9,14,VIX
337,QQQ_TQQQ_VIX,QQQ,TQQQ,QQQ,100,25,2.5,100,2.0,0.05,0.6,12,26,9,14,VIX
338,QQQ_TQQQ_VIX,QQQ,TQQQ,QQQ,100,25,2.5,100,2.0,0.06,0.6,12,26,9,14,VIX
339,QQQ_TQQQ_VIX,QQQ,TQQQ,QQQ,100,25,2.5,100,2.5,0.05,0.6,12,26,9,14,VIX
340,QQQ_TQQQ_VIX,QQQ,TQQQ,QQQ,100,25,2.5,100,2.5,0.06,0.6,12,26,9,14,VIX
341,QQQ_TQQQ_VIX,QQQ,TQQQ,QQQ,100,25,2.5,100,1.0,0.05,0.6,12,26,9,14,VIX
342,QQQ_TQQQ_VIX,QQQ,TQQQ,QQQ,100,25,2.5,100,1.0,0.06,0.6,12,26,9,14,VIX
343,QQQ_TQQQ_VIX,QQQ,TQQQ,QQQ,100,25,2.0,50,2.0,0.05,0.6,12,26,9,14,VIX
344,QQQ_TQQQ_VIX,QQQ,TQQQ,QQQ,100,25,2.0,50,2.0,0.06,0.6,12,26,9,14,VIX
345,QQQ_TQQQ_VIX,QQQ,TQQQ,QQQ,100,25,2.0,50,2.5,0.05,0.6,12,26,9,14,VIX
346,QQQ_TQQQ_VIX,QQQ,TQQQ,QQQ,100,25,2.0,50,2.5,0.06,0.6,12,26,9,14,VIX
347,QQQ_TQQQ_VIX,QQQ,TQQQ,QQQ,100,25,2.0,50,1.0,0.05,0.6,12,26,9,14,VIX
348,QQQ_TQQQ_VIX,QQQ,TQQQ,QQQ,100,25,2.0,50,1.0,0.06,0.6,12,26,9,14,VIX
349,QQQ_TQQQ_VIX,QQQ,TQQQ,QQQ,100,25,2.0,75,2.0,0.05,0.6,12,26,9,14,VIX
350,QQQ_TQQQ_VIX,QQQ,TQQQ,QQQ,100,25,2.0,75,2.0,0.06,0.6,12,26,9,14,VIX
351,QQQ_TQQQ_VIX,QQQ,TQQQ,QQQ,100,25,2.0,75,2.5,0.05,0.6,12,26,9,14,VIX
352,QQQ_TQQQ_VIX,QQQ,TQQQ,QQQ,100,25,2.0,75,2.5,0.06,0.6,12,26,9,14,VIX
353,QQQ_TQQQ_VIX,QQQ,TQQQ,QQQ,100,25,2.0,75,1.0,0.05,0.6,12,26,9,14,VIX
354,QQQ_TQQQ_VIX,QQQ,TQQQ,QQQ,100,25,2.0,75,1.0,0.06,0.6,12,26,9,14,VIX
355,QQQ_TQQQ_VIX,QQQ,TQQQ,QQQ,100,25,2.0,100,2.0,0.05,0.6,12,26,9,14,VIX
356,QQQ_TQQQ_VIX,QQQ,TQQQ,QQQ,100,25,2.0,100,2.0,0.06,0.6,12,26,9,14,VIX
357,QQQ_TQQQ_VIX,QQQ,TQQQ,QQQ,100,25,2.0,100,2.5,0.05,0.6,12,26,9,14,VIX
358,QQQ_TQQQ_VIX,QQQ,TQQQ,QQQ,100,25,2.0,100,2.5,0.06,0.6,12,26,9,14,VIX
359,QQQ_TQQQ_VIX,QQQ,TQQQ,QQQ,100,25,2.0,100,1.0,0.05,0.6,12,26,9,14,VIX
360,QQQ_TQQQ_VIX,QQQ,TQQQ,QQQ,100,25,2.0,100,1.0,0.06,0.6,12,26,9,14,VIX
361,QQQ_TQQQ_VIX,QQQ,TQQQ,QQQ,100,25,1.0,50,2.0,0.05,0.6,12,26,9,14,VIX
362,QQQ_TQQQ_VIX,QQQ,TQQQ,QQQ,100,25,1.0,50,2.0,0.06,0.6,12,26,9,14,VIX
363,QQQ_TQQQ_VIX,QQQ,TQQQ,QQQ,100,25,1.0,50,2.5,0.05,0.6,12,26,9,14,VIX
364,QQQ_TQQQ_VIX,QQQ,TQQQ,QQQ,100,25,1.0,50,2.5,0.06,0.6,12,26,9,14,VIX
365,QQQ_TQQQ_VIX,QQQ,TQQQ,QQQ,100,25,1.0,50,1.0,0.05,0.6,12,26,9,14,VIX
366,QQQ_TQQQ_VIX,QQQ,TQQQ,QQQ,100,25,1.0,50,1.0,0.06,0.6,12,26,9,14,VIX
367,QQQ_TQQQ_VIX,QQQ,TQQQ,QQQ,100,25,1.0,75,2.0,0.05,0.6,12,26,9,14,VIX
368,QQQ_TQQQ_VIX,QQQ,TQQQ,QQQ,100,25,1.0,75,2.0,0.06,0.6,12,26,9,14,VIX
369,QQQ_TQQQ_VIX,QQQ,TQQQ,QQQ,100,25,1.0,75,2.5,0.05,0.6,12,26,9,14,VIX
370,QQQ_TQQQ_VIX,QQQ,TQQQ,QQQ,100,25,1.0,75,2.5,0.06,0.6,12,26,9,14,VIX
371,QQQ_TQQQ_VIX,QQQ,TQQQ,QQQ,100,25,1.0,75,1.0,0.05,0.6,12,26,9,14,VIX
372,QQQ_TQQQ_VIX,QQQ,TQQQ,QQQ,100,25,1.0,75,1.0,0.06,0.6,12,26,9,14,VIX
373,QQQ_TQQQ_VIX,QQQ,TQQQ,QQQ,100,25,1.0,100,2.0,0.05,0.6,12,26,9,14,VIX
374,QQQ_TQQQ_VIX,QQQ,TQQQ,QQQ,100,25,1.0,100,2.0,0.06,0.6,12,26,9,14,VIX
375,QQQ_TQQQ_VIX,QQQ,TQQQ,QQQ,100,25,1.0,100,2.5,0.05,0.6,12,26,9,14,VIX
376,QQQ_TQQQ_VIX,QQQ,TQQQ,QQQ,100,25,1.0,100,2.5,0.06,0.6,12,26,9,14,VIX
377,QQQ_TQQQ_VIX,QQQ,TQQQ,QQQ,100,25,1.0,100,1.0,0.05,0.6,12,26,9,14,VIX
378,QQQ_TQQQ_VIX,QQQ,TQQQ,QQQ,100,25,1.0,100,1.0,0.06,0.6,12,26,9,14,VIX
379,QQQ_TQQQ_VIX,QQQ,TQQQ,QQQ,100,75,2.5,50,2.0,0.05,0.6,12,26,9,14,VIX
380,QQQ_TQQQ_VIX,QQQ,TQQQ,QQQ,100,75,2.5,50,2.0,0.06,0.6,12,26,9,14,VIX
381,QQQ_TQQQ_VIX,QQQ,TQQQ,QQQ,100,75,2.5,50,2.5,0.05,0.6,12,26,9,14,VIX
382,QQQ_TQQQ_VIX,QQQ,TQQQ,QQQ,100,75,2.5,50,2.5,0.06,0.6,12,26,9,14,VIX
383,QQQ_TQQQ_VIX,QQQ,TQQQ,QQQ,100,75,2.5,50,1.0,0.05,0.6,12,26,9,14,VIX
384,QQQ_TQQQ_VIX,QQQ,TQQQ,QQQ,100,75,2.5,50,1.0,0.06,0.6,12,26,9,14,VIX
385,QQQ_TQQQ_VIX,QQQ,TQQQ,QQQ,100,75,2.5,75,2.0,0.05,0.6,12,26,9,14,VIX
386,QQQ_TQQQ_VIX,QQQ,TQQQ,QQQ,100,75,2.5,75,2.0,0.06,0.6,12,26,9,14,VIX
387,QQQ_TQQQ_VIX,QQQ,TQQQ,QQQ,100,75,2.5,75,2.5,0.05,0.6,12,26,9,14,VIX
388,QQQ_TQQQ_VIX,QQQ,TQQQ,QQQ,100,75,2.5,75,2.5,0.06,0.6,12,26,9,14,VIX
389,QQQ_TQQQ_VIX,QQQ,TQQQ,QQQ,100,75,2.5,75,1.0,0.05,0.6,12,26,9,14,VIX
390,QQQ_TQQQ_VIX,QQQ,TQQQ,QQQ,100,75,2.5,75,1.0,0.06,0.6,12,26,9,14,VIX
391,QQQ_TQQQ_VIX,QQQ,TQQQ,QQQ,100,75,2.5,100,2.0,0.05,0.6,12,26,9,14,VIX
392,QQQ_TQQQ_VIX,QQQ,TQQQ,QQQ,100,75,2.5,100,2.0,0.06,0.6,12,26,9,14,VIX
393,QQQ_TQQQ_VIX,QQQ,TQQQ,QQQ,100,75,2.5,100,2.5,0.05,0.6,12,26,9,14,VIX
394,QQQ_TQQQ_VIX,QQQ,TQQQ,QQQ,100,75,2.5,100,2.5,0.06,0.6,12,26,9,14,VIX
395,QQQ_TQQQ_VIX,QQQ,TQQQ,QQQ,100,75,2.5,100,1.0,0.05,0.6,12,26,9,14,VIX
396,QQQ_TQQQ_VIX,QQQ,TQQQ,QQQ,100,75,2.5,100,1.0,0.06,0.6,12,26,9,14,VIX
397,QQQ_TQQQ_VIX,QQQ,TQQQ,QQQ,100,75,2.0,50,2.0,0.05,0.6,12,26,9,14,VIX
398,QQQ_TQQQ_VIX,QQQ,TQQQ,QQQ,100,75,2.0,50,2.0,0.06,0.6,12,26,9,14,VIX
399,QQQ_TQQQ_VIX,QQQ,TQQQ,QQQ,100,75,2.0,50,2.5,0.05,0.6,12,26,9,14,VIX
400,QQQ_TQQQ_VIX,QQQ,TQQQ,QQQ,100,75,2.0,50,2.5,0.06,0.6,12,26,9,14,VIX
401,QQQ_TQQQ_VIX,QQQ,TQQQ,QQQ,100,75,2.0,50,1.0,0.05,0.6,12,26,9,14,VIX
402,QQQ_TQQQ_VIX,QQQ,TQQQ,QQQ,100,75,2.0,50,1.0,0.06,0.6,12,26,9,14,VIX
403,QQQ_TQQQ_VIX,QQQ,TQQQ,QQQ,100,75,2.0,75,2.0,0.05,0.6,12,26,9,14,VIX
404,QQQ_TQQQ_VIX,QQQ,TQQQ,QQQ,100,75,2.0,75,2.0,0.06,0.6,12,26,9,14,VIX
405,QQQ_TQQQ_VIX,QQQ,TQQQ,QQQ,100,75,2.0,75,2.5,0.05,0.6,12,26,9,14,VIX
406,QQQ_TQQQ_VIX,QQQ,TQQQ,QQQ,100,75,2.0,75,2.5,0.06,0.6,12,26,9,14,VIX
407,QQQ_TQQQ_VIX,QQQ,TQQQ,QQQ,100,75,2.0,75,1.0,0.05,0.6,12,26,9,14,VIX
408,QQQ_TQQQ_VIX,QQQ,TQQQ,QQQ,100,75,2.0,75,1.0,0.06,0.6,12,26,9,14,VIX
409,QQQ_TQQQ_VIX,QQQ,TQQQ,QQQ,100,75,2.0,100,2.0,0.05,0.6,12,26,9,14,VIX
410,QQQ_TQQQ_VIX,QQQ,TQQQ,QQQ,100,75,2.0,100,2.0,0.06,0.6,12,26,9,14,VIX
411,QQQ_TQQQ_VIX,QQQ,TQQQ,QQQ,100,75,2.0,100,2.5,0.05,0.6,12,26,9,14,VIX
412,QQQ_TQQQ_VIX,QQQ,TQQQ,QQQ,100,75,2.0,100,2.5,0.06,0.6,12,26,9,14,VIX
413,QQQ_TQQQ_VIX,QQQ,TQQQ,QQQ,100,75,2.0,100,1.0,0.05,0.6,12,26,9,14,VIX
414,QQQ_TQQQ_VIX,QQQ,TQQQ,QQQ,100,75,2.0,100,1.0,0.06,0.6,12,26,9,14,VIX
415,QQQ_TQQQ_VIX,QQQ,TQQQ,QQQ,100,75,1.0,50,2.0,0.05,0.6,12,26,9,14,VIX
416,QQQ_TQQQ_VIX,QQQ,TQQQ,QQQ,100,75,1.0,50,2.0,0.06,0.6,12,26,9,14,VIX
417,QQQ_TQQQ_VIX,QQQ,TQQQ,QQQ,100,75,1.0,50,2.5,0.05,0.6,12,26,9,14,VIX
418,QQQ_TQQQ_VIX,QQQ,TQQQ,QQQ,100,75,1.0,50,2.5,0.06,0.6,12,26,9,14,VIX
419,QQQ_TQQQ_VIX,QQQ,TQQQ,QQQ,100,75,1.0,50,1.0,0.05,0.6,12,26,9,14,VIX
420,QQQ_TQQQ_VIX,QQQ,TQQQ,QQQ,100,75,1.0,50,1.0,0.06,0.6,12,26,9,14,VIX
421,QQQ_TQQQ_VIX,QQQ,TQQQ,QQQ,100,75,1.0,75,2.0,0.05,0.6,12,26,9,14,VIX
422,QQQ_TQQQ_VIX,QQQ,TQQQ,QQQ,100,75,1.0,75,2.0,0.06,0.6,12,26,9,14,VIX
423,QQQ_TQQQ_VIX,QQQ,TQQQ,QQQ,100,75,1.0,75,2.5,0.05,0.6,12,26,9,14,VIX
424,QQQ_TQQQ_VIX,QQQ,TQQQ,QQQ,100,75,1.0,75,2.5,0.06,0.6,12,26,9,14,VIX
425,QQQ_TQQQ_VIX,QQQ,TQQQ,QQQ,100,75,1.0,75,1.0,0.05,0.6,12,26,9,14,VIX
426,QQQ_TQQQ_VIX,QQQ,TQQQ,QQQ,100,75,1.0,75,1.0,0.06,0.6,12,26,9,14,VIX
427,QQQ_TQQQ_VIX,QQQ,TQQQ,QQQ,100,75,1.0,100,2.0,0.05,0.6,12,26,9,14,VIX
428,QQQ_TQQQ_VIX,QQQ,TQQQ,QQQ,100,75,1.0,100,2.0,0.06,0.6,12,26,9,14,VIX
429,QQQ_TQQQ_VIX,QQQ,TQQQ,QQQ,100,75,1.0,100,2.5,0.05,0.6,12,26,9,14,VIX
430,QQQ_TQQQ_VIX,QQQ,TQQQ,QQQ,100,75,1.0,100,2.5,0.06,0.6,12,26,9,14,VIX
431,QQQ_TQQQ_VIX,QQQ,TQQQ,QQQ,100,75,1.0,100,1.0,0.05,0.6,12,26,9,14,VIX
432,QQQ_TQQQ_VIX,QQQ,TQQQ,QQQ,100,75,1.0,100,1.0,0.06,0.6,12,26,9,14,VIX
433,QQQ_TQQQ_VIX,QQQ,TQQQ,QQQ,100,100,2.5,50,2.0,0.05,0.6,12,26,9,14,VIX
434,QQQ_TQQQ_VIX,QQQ,TQQQ,QQQ,100,100,2.5,50,2.0,0.06,0.6,12,26,9,14,VIX
435,QQQ_TQQQ_VIX,QQQ,TQQQ,QQQ,100,100,2.5,50,2.5,0.05,0.6,12,26,9,14,VIX
436,QQQ_TQQQ_VIX,QQQ,TQQQ,QQQ,100,100,2.5,50,2.5,0.06,0.6,12,26,9,14,VIX
437,QQQ_TQQQ_VIX,QQQ,TQQQ,QQQ,100,100,2.5,50,1.0,0.05,0.6,12,26,9,14,VIX
438,QQQ_TQQQ_VIX,QQQ,TQQQ,QQQ,100,100,2.5,50,1.0,0.06,0.6,12,26,9,14,VIX
439,QQQ_TQQQ_VIX,QQQ,TQQQ,QQQ,100,100,2.5,75,2.0,0.05,0.6,12,26,9,14,VIX
440,QQQ_TQQQ_VIX,QQQ,TQQQ,QQQ,100,100,2.5,75,2.0,0.06,0.6,12,26,9,14,VIX
441,QQQ_TQQQ_VIX,QQQ,TQQQ,QQQ,100,100,2.5,75,2.5,0.05,0.6,12,26,9,14,VIX
442,QQQ_TQQQ_VIX,QQQ,TQQQ,QQQ,100,100,2.5,75,2.5,0.06,0.6,12,26,9,14,VIX
443,QQQ_TQQQ_VIX,QQQ,TQQQ,QQQ,100,100,2.5,75,1.0,0.05,0.6,12,26,9,14,VIX
444,QQQ_TQQQ_VIX,QQQ,TQQQ,QQQ,100,100,2.5,75,1.0,0.06,0.6,12,26,9,14,VIX
445,QQQ_TQQQ_VIX,QQQ,TQQQ,QQQ,100,100,2.5,100,2.0,0.05,0.6,12,26,9,14,VIX
446,QQQ_TQQQ_VIX,QQQ,TQQQ,QQQ,100,100,2.5,100,2.0,0.06,0.6,12,26,9,14,VIX
447,QQQ_TQQQ_VIX,QQQ,TQQQ,QQQ,100,100,2.5,100,2.5,0.05,0.6,12,26,9,14,VIX
448,QQQ_TQQQ_VIX,QQQ,TQQQ,QQQ,100,100,2.5,100,2.5,0.06,0.6,12,26,9,14,VIX
449,QQQ_TQQQ_VIX,QQQ,TQQQ,QQQ,100,100,2.5,100,1.0,0.05,0.6,12,26,9,14,VIX
450,QQQ_TQQQ_VIX,QQQ,TQQQ,QQQ,100,100,2.5,100,1.0,0.06,0.6,12,26,9,14,VIX
451,QQQ_TQQQ_VIX,QQQ,TQQQ,QQQ,100,100,2.0,50,2.0,0.05,0.6,12,26,9,14,VIX
452,QQQ_TQQQ_VIX,QQQ,TQQQ,QQQ,100,100,2.0,50,2.0,0.06,0.6,12,26,9,14,VIX
453,QQQ_TQQQ_VIX,QQQ,TQQQ,QQQ,100,100,2.0,50,2.5,0.05,0.6,12,26,9,14,VIX
454,QQQ_TQQQ_VIX,QQQ,TQQQ,QQQ,100,100,2.0,50,2.5,0.06,0.6,12,26,9,14,VIX
455,QQQ_TQQQ_VIX,QQQ,TQQQ,QQQ,100,100,2.0,50,1.0,0.05,0.6,12,26,9,14,VIX
456,QQQ_TQQQ_VIX,QQQ,TQQQ,QQQ,100,100,2.0,50,1.0,0.06,0.6,12,26,9,14,VIX
457,QQQ_TQQQ_VIX,QQQ,TQQQ,QQQ,100,100,2.0,75,2.0,0.05,0.6,12,26,9,14,VIX
458,QQQ_TQQQ_VIX,QQQ,TQQQ,QQQ,100,100,2.0,75,2.0,0.06,0.6,12,26,9,14,VIX
459,QQQ_TQQQ_VIX,QQQ,TQQQ,QQQ,100,100,2.0,75,2.5,0.05,0.6,12,26,9,14,VIX
460,QQQ_TQQQ_VIX,QQQ,TQQQ,QQQ,100,100,2.0,75,2.5,0.06,0.6,12,26,9,14,VIX
461,QQQ_TQQQ_VIX,QQQ,TQQQ,QQQ,100,100,2.0,75,1.0,0.05,0.6,12,26,9,14,VIX
462,QQQ_TQQQ_VIX,QQQ,TQQQ,QQQ,100,100,2.0,75,1.0,0.06,0.6,12,26,9,14,VIX
463,QQQ_TQQQ_VIX,QQQ,TQQQ,QQQ,100,100,2.0,100,2.0,0.05,0.6,12,26,9,14,VIX
464,QQQ_TQQQ_VIX,QQQ,TQQQ,QQQ,100,100,2.0,100,2.0,0.06,0.6,12,26,9,14,VIX
465,QQQ_TQQQ_VIX,QQQ,TQQQ,QQQ,100,100,2.0,100,2.5,0.05,0.6,12,26,9,14,VIX
466,QQQ_TQQQ_VIX,QQQ,TQQQ,QQQ,100,100,2.0,100,2.5,0.06,0.6,12,26,9,14,VIX
467,QQQ_TQQQ_VIX,QQQ,TQQQ,QQQ,100,100,2.0,100,1.0,0.05,0.6,12,26,9,14,VIX
468,QQQ_TQQQ_VIX,QQQ,TQQQ,QQQ,100,100,2.0,100,1.0,0.06,0.6,12,26,9,14,VIX
469,QQQ_TQQQ_VIX,QQQ,TQQQ,QQQ,100,100,1.0,50,2.0,0.05,0.6,12,26,9,14,VIX
470,QQQ_TQQQ_VIX,QQQ,TQQQ,QQQ,100,100,1.0,50,2.0,0.06,0.6,12,26,9,14,VIX
471,QQQ_TQQQ_VIX,QQQ,TQQQ,QQQ,100,100,1.0,50,2.5,0.05,0.6,12,26,9,14,VIX
472,QQQ_TQQQ_VIX,QQQ,TQQQ,QQQ,100,100,1.0,50,2.5,0.06,0.6,12,26,9,14,VIX
473,QQQ_TQQQ_VIX,QQQ,TQQQ,QQQ,100,100,1.0,50,1.0,0.05,0.6,12,26,9,14,VIX
474,QQQ_TQQQ_VIX,QQQ,TQQQ,QQQ,100,100,1.0,50,1.0,0.06,0.6,12,26,9,14,VIX
475,QQQ_TQQQ_VIX,QQQ,TQQQ,QQQ,100,100,1.0,75,2.0,0.05,0.6,12,26,9,14,VIX
476,QQQ_TQQQ_VIX,QQQ,TQQQ,QQQ,100,100,1.0,75,2.0,0.06,0.6,12,26,9,14,VIX
477,QQQ_TQQQ_VIX,QQQ,TQQQ,QQQ,100,100,1.0,75,2.5,0.05,0.6,12,26,9,14,VIX
478,QQQ_TQQQ_VIX,QQQ,TQQQ,QQQ,100,100,1.0,75,2.5,0.06,0.6,12,26,9,14,VIX
479,QQQ_TQQQ_VIX,QQQ,TQQQ,QQQ,100,100,1.0,75,1.0,0.05,0.6,12,26,9,14,VIX
480,QQQ_TQQQ_VIX,QQQ,TQQQ,QQQ,100,100,1.0,75,1.0,0.06,0.6,12,26,9,14,VIX
481,QQQ_TQQQ_VIX,QQQ,TQQQ,QQQ,100,100,1.0,100,2.0,0.05,0.6,12,26,9,14,VIX
482,QQQ_TQQQ_VIX,QQQ,TQQQ,QQQ,100,100,1.0,100,2.0,0.06,0.6,12,26,9,14,VIX
483,QQQ_TQQQ_VIX,QQQ,TQQQ,QQQ,100,100,1.0,100,2.5,0.05,0.6,12,26,9,14,VIX
484,QQQ_TQQQ_VIX,QQQ,TQQQ,QQQ,100,100,1.0,100,2.5,0.06,0.6,12,26,9,14,VIX
485,QQQ_TQQQ_VIX,QQQ,TQQQ,QQQ,100,100,1.0,100,1.0,0.05,0.6,12,26,9,14,VIX
486,QQQ_TQQQ_VIX,QQQ,TQQQ,QQQ,100,100,1.0,100,1.0,0.06,0.6,12,26,9,14,VIX
